order_id,user_id,product_id,post_id,bandId,customer_name,customer_bandId,customer_profile,quantity,price,total_amount,comment,status,ordered_at,confirmed_at,completed_at,band_comment_id,band_comment_url,admin_note,updated_at,history,canceled_at,price_option_used,content
82443310_26178_0,f2daf0ee-fdb4-4c04-bcc4-6669a30d7d35,fbd2e45baf2666b04eda5a249f59667c0cd7d7787195854648a2b861798d77c1,26178,82443310,하이브,,,2,7900,15800,2팩요.,주문완료,2025-03-31 02:30:00+00,,,26178_comment_0,https://band.us/band/82443310/post/26178#comment,,,,,1팩(10개입) x 2,
82443310_26178_1,f2daf0ee-fdb4-4c04-bcc4-6669a30d7d35,fbd2e45baf2666b04eda5a249f59667c0cd7d7787195854648a2b861798d77c1,26178,82443310,수진@,,,1,7900,7900,1팩이요,주문완료,2025-03-31 02:44:00+00,,,26178_comment_1,https://band.us/band/82443310/post/26178#comment,,,,,1팩(10개입),
82443310_26178_2,f2daf0ee-fdb4-4c04-bcc4-6669a30d7d35,fbd2e45baf2666b04eda5a249f59667c0cd7d7787195854648a2b861798d77c1,26178,82443310,가빈과일첫째,,,2,7900,15800,@하이브 @수진@ 감사합니다3,주문완료,2025-03-31 02:45:00+00,,,26178_comment_2,https://band.us/band/82443310/post/26178#comment,,,,,1팩(10개입) x 2,
82443310_26179_0,f2daf0ee-fdb4-4c04-bcc4-6669a30d7d35,a826d775fd7c8bf2db9e04cbe546e75312b0bdf244985bf1a1c45e3b55033ae9,26179,82443310,김연양,,,2,5900,11800,2봉지요,주문완료,2025-03-31 01:16:00+00,,,26179_comment_0,https://band.us/band/82443310/post/26179#comment,,,,,800g 봉지 x 2,
82443310_26179_1,f2daf0ee-fdb4-4c04-bcc4-6669a30d7d35,a826d775fd7c8bf2db9e04cbe546e75312b0bdf244985bf1a1c45e3b55033ae9,26179,82443310,중앙1로,,,2,5900,11800,2팩이요,주문완료,2025-03-31 01:16:00+00,,,26179_comment_1,https://band.us/band/82443310/post/26179#comment,,,,,800g 봉지 x 2,
82443310_26179_10,f2daf0ee-fdb4-4c04-bcc4-6669a30d7d35,a826d775fd7c8bf2db9e04cbe546e75312b0bdf244985bf1a1c45e3b55033ae9,26179,82443310,초코송이,,,1,5900,5900,1봉지요,주문완료,2025-03-31 03:11:00+00,,,26179_comment_10,https://band.us/band/82443310/post/26179#comment,,,,,800g 봉지,
82443310_26179_11,f2daf0ee-fdb4-4c04-bcc4-6669a30d7d35,a826d775fd7c8bf2db9e04cbe546e75312b0bdf244985bf1a1c45e3b55033ae9,26179,82443310,가빈과일첫째,,,2,5900,11800,@초코송이 감사합니다12,주문완료,2025-03-31 03:11:00+00,,,26179_comment_11,https://band.us/band/82443310/post/26179#comment,,,,,800g 봉지 x 2,
82443310_26179_12,f2daf0ee-fdb4-4c04-bcc4-6669a30d7d35,a826d775fd7c8bf2db9e04cbe546e75312b0bdf244985bf1a1c45e3b55033ae9,26179,82443310,채원.준우맘,,,1,5900,5900,1봉,주문완료,2025-03-31 03:51:00+00,,,26179_comment_12,https://band.us/band/82443310/post/26179#comment,,,,,800g 봉지,
82443310_26179_13,f2daf0ee-fdb4-4c04-bcc4-6669a30d7d35,a826d775fd7c8bf2db9e04cbe546e75312b0bdf244985bf1a1c45e3b55033ae9,26179,82443310,가빈과일첫째,,,4,5900,23600,@채원.준우맘 감사합니다13,주문완료,2025-03-31 04:11:00+00,,,26179_comment_13,https://band.us/band/82443310/post/26179#comment,,,,,800g 봉지 x 4,
82443310_26179_2,f2daf0ee-fdb4-4c04-bcc4-6669a30d7d35,a826d775fd7c8bf2db9e04cbe546e75312b0bdf244985bf1a1c45e3b55033ae9,26179,82443310,하루!!,,,2,5900,11800,2봉지요,주문완료,2025-03-31 01:19:00+00,,,26179_comment_2,https://band.us/band/82443310/post/26179#comment,,,,,800g 봉지 x 2,
82443310_26179_3,f2daf0ee-fdb4-4c04-bcc4-6669a30d7d35,a826d775fd7c8bf2db9e04cbe546e75312b0bdf244985bf1a1c45e3b55033ae9,26179,82443310,1117,,,1,5900,5900,1봉지요,주문완료,2025-03-31 01:20:00+00,,,26179_comment_3,https://band.us/band/82443310/post/26179#comment,,,,,800g 봉지,
82443310_26179_4,f2daf0ee-fdb4-4c04-bcc4-6669a30d7d35,a826d775fd7c8bf2db9e04cbe546e75312b0bdf244985bf1a1c45e3b55033ae9,26179,82443310,가빈과일첫째,,,4,5900,23600,@김연양 @중앙1로 @하루!! @1117 감사합니다7,주문완료,2025-03-31 01:30:00+00,,,26179_comment_4,https://band.us/band/82443310/post/26179#comment,,,,,800g 봉지 x 4,
82443310_26179_5,f2daf0ee-fdb4-4c04-bcc4-6669a30d7d35,a826d775fd7c8bf2db9e04cbe546e75312b0bdf244985bf1a1c45e3b55033ae9,26179,82443310,서윤*서진 맘,,,1,5900,5900,1팩요,주문완료,2025-03-31 01:34:00+00,,,26179_comment_5,https://band.us/band/82443310/post/26179#comment,,,,,800g 봉지,
82443310_26179_6,f2daf0ee-fdb4-4c04-bcc4-6669a30d7d35,a826d775fd7c8bf2db9e04cbe546e75312b0bdf244985bf1a1c45e3b55033ae9,26179,82443310,꼬미쿠키,,,2,5900,11800,2팩,주문완료,2025-03-31 02:03:00+00,,,26179_comment_6,https://band.us/band/82443310/post/26179#comment,,,,,800g 봉지 x 2,
82443310_26179_7,f2daf0ee-fdb4-4c04-bcc4-6669a30d7d35,a826d775fd7c8bf2db9e04cbe546e75312b0bdf244985bf1a1c45e3b55033ae9,26179,82443310,가빈과일첫째,,,4,5900,23600,@서윤*서진 맘 @꼬미쿠키 감사합니다10,주문완료,2025-03-31 02:22:00+00,,,26179_comment_7,https://band.us/band/82443310/post/26179#comment,,,,,800g 봉지 x 4,
82443310_26179_8,f2daf0ee-fdb4-4c04-bcc4-6669a30d7d35,a826d775fd7c8bf2db9e04cbe546e75312b0bdf244985bf1a1c45e3b55033ae9,26179,82443310,고민이네,,,1,5900,5900,1팩이요,주문완료,2025-03-31 02:28:00+00,,,26179_comment_8,https://band.us/band/82443310/post/26179#comment,,,,,800g 봉지,
82443310_26179_9,f2daf0ee-fdb4-4c04-bcc4-6669a30d7d35,a826d775fd7c8bf2db9e04cbe546e75312b0bdf244985bf1a1c45e3b55033ae9,26179,82443310,가빈과일첫째,,,2,5900,11800,@고민이네 감사합니다11,주문완료,2025-03-31 02:44:00+00,,,26179_comment_9,https://band.us/band/82443310/post/26179#comment,,,,,800g 봉지 x 2,
82443310_26180_0,f2daf0ee-fdb4-4c04-bcc4-6669a30d7d35,4118723bbae8d562c6d2a41d5fdd1b2bd2e2fa07591fa75fb7cae1bb59bf75a8,26180,82443310,케케케,,,1,9900,9900,1세트요,주문완료,2025-03-31 01:59:00+00,,,26180_comment_0,https://band.us/band/82443310/post/26180#comment,,,,,기본가,
82443310_26180_1,f2daf0ee-fdb4-4c04-bcc4-6669a30d7d35,4118723bbae8d562c6d2a41d5fdd1b2bd2e2fa07591fa75fb7cae1bb59bf75a8,26180,82443310,가빈과일첫째,,,4,9900,39600,@케케케 감사합니다1,주문완료,2025-03-31 02:22:00+00,,,26180_comment_1,https://band.us/band/82443310/post/26180#comment,,,,,기본가,
82443310_26180_2,f2daf0ee-fdb4-4c04-bcc4-6669a30d7d35,4118723bbae8d562c6d2a41d5fdd1b2bd2e2fa07591fa75fb7cae1bb59bf75a8,26180,82443310,단풍조아,,,1,9900,9900,1세트요,주문완료,2025-03-31 02:35:00+00,,,26180_comment_2,https://band.us/band/82443310/post/26180#comment,,,,,기본가,
82443310_26180_3,f2daf0ee-fdb4-4c04-bcc4-6669a30d7d35,4118723bbae8d562c6d2a41d5fdd1b2bd2e2fa07591fa75fb7cae1bb59bf75a8,26180,82443310,가빈과일첫째,,,4,9900,39600,@단풍조아 감사합니다2,주문완료,2025-03-31 02:56:00+00,,,26180_comment_3,https://band.us/band/82443310/post/26180#comment,,,,,기본가,
82443310_26180_4,f2daf0ee-fdb4-4c04-bcc4-6669a30d7d35,4118723bbae8d562c6d2a41d5fdd1b2bd2e2fa07591fa75fb7cae1bb59bf75a8,26180,82443310,밝은안경,,,2,9900,19800,2세트요,주문완료,2025-03-31 03:47:00+00,,,26180_comment_4,https://band.us/band/82443310/post/26180#comment,,,,,기본가,
82443310_26180_5,f2daf0ee-fdb4-4c04-bcc4-6669a30d7d35,4118723bbae8d562c6d2a41d5fdd1b2bd2e2fa07591fa75fb7cae1bb59bf75a8,26180,82443310,가빈과일첫째,,,4,9900,39600,@밝은안경 감사합니다4,주문완료,2025-03-31 04:11:00+00,,,26180_comment_5,https://band.us/band/82443310/post/26180#comment,,,,,기본가,
82443310_26180_6,f2daf0ee-fdb4-4c04-bcc4-6669a30d7d35,4118723bbae8d562c6d2a41d5fdd1b2bd2e2fa07591fa75fb7cae1bb59bf75a8,26180,82443310,깨비4575,,,2,9900,19800,2봉이요~,수령완료,2025-03-31 05:22:00+00,,2025-03-31 15:26:25.249+00,26180_comment_6,https://band.us/band/82443310/post/26180#comment,,2025-03-31 15:26:25.249+00,,,기본가,
82443310_26180_7,f2daf0ee-fdb4-4c04-bcc4-6669a30d7d35,4118723bbae8d562c6d2a41d5fdd1b2bd2e2fa07591fa75fb7cae1bb59bf75a8,26180,82443310,가빈과일첫째,,,4,9900,39600,@깨비4575 감사합니다6,주문완료,2025-03-31 05:35:00+00,,,26180_comment_7,https://band.us/band/82443310/post/26180#comment,,,,,기본가,
82443310_26181_0,f2daf0ee-fdb4-4c04-bcc4-6669a30d7d35,2e0c8394d468126a4665d2601c4fd1b5784e5e7611d76aa66a83d2593d014966,26181,82443310,박세연,,,2,9900,19800,2팩요,주문완료,2025-03-31 03:00:00+00,,,26181_comment_0,https://band.us/band/82443310/post/26181#comment,,,,,한팩 x 2,
82443310_26181_1,f2daf0ee-fdb4-4c04-bcc4-6669a30d7d35,2e0c8394d468126a4665d2601c4fd1b5784e5e7611d76aa66a83d2593d014966,26181,82443310,가빈과일첫째,,,3,9900,29700,@박세연 감사합니다2,주문완료,2025-03-31 03:02:00+00,,,26181_comment_1,https://band.us/band/82443310/post/26181#comment,,,,,한팩 x 3,
82443310_26181_2,f2daf0ee-fdb4-4c04-bcc4-6669a30d7d35,2e0c8394d468126a4665d2601c4fd1b5784e5e7611d76aa66a83d2593d014966,26181,82443310,채원.준우맘,,,1,9900,9900,한팩,주문완료,2025-03-31 03:51:00+00,,,26181_comment_2,https://band.us/band/82443310/post/26181#comment,,,,,한팩,
82443310_26181_3,f2daf0ee-fdb4-4c04-bcc4-6669a30d7d35,2e0c8394d468126a4665d2601c4fd1b5784e5e7611d76aa66a83d2593d014966,26181,82443310,가빈과일첫째,,,4,9900,39600,@채원.준우맘 감사합니다3,주문완료,2025-03-31 04:11:00+00,,,26181_comment_3,https://band.us/band/82443310/post/26181#comment,,,,,한팩 x 4,
82443310_26181_4,f2daf0ee-fdb4-4c04-bcc4-6669a30d7d35,2e0c8394d468126a4665d2601c4fd1b5784e5e7611d76aa66a83d2593d014966,26181,82443310,유정,,,2,9900,19800,2팩이요,주문완료,2025-03-31 04:24:00+00,,,26181_comment_4,https://band.us/band/82443310/post/26181#comment,,,,,한팩 x 2,
82443310_26181_5,f2daf0ee-fdb4-4c04-bcc4-6669a30d7d35,2e0c8394d468126a4665d2601c4fd1b5784e5e7611d76aa66a83d2593d014966,26181,82443310,가빈과일첫째,,,4,9900,39600,@유정 감사합니다5,주문완료,2025-03-31 04:44:00+00,,,26181_comment_5,https://band.us/band/82443310/post/26181#comment,,,,,한팩 x 4,
82443310_26182_0,f2daf0ee-fdb4-4c04-bcc4-6669a30d7d35,61a41e3044a3d24b858f5ce61403f4e699ab7ce8df09962eda85323770741abf,26182,82443310,아카시아,,,2,6900,13800,2박스,주문완료,2025-03-31 02:09:00+00,,,26182_comment_0,https://band.us/band/82443310/post/26182#comment,,,,,1키로 1박스 x 2,
82443310_26182_1,f2daf0ee-fdb4-4c04-bcc4-6669a30d7d35,61a41e3044a3d24b858f5ce61403f4e699ab7ce8df09962eda85323770741abf,26182,82443310,윤가네,,,1,6900,6900,1박스,주문완료,2025-03-31 02:15:00+00,,,26182_comment_1,https://band.us/band/82443310/post/26182#comment,,,,,1키로 1박스,
82443310_26182_10,f2daf0ee-fdb4-4c04-bcc4-6669a30d7d35,61a41e3044a3d24b858f5ce61403f4e699ab7ce8df09962eda85323770741abf,26182,82443310,가빈과일큰언니,,,4,6900,27600,@백마 감사합니다9,주문완료,2025-03-31 07:03:00+00,,,26182_comment_10,https://band.us/band/82443310/post/26182#comment,,,,,1키로 1박스 x 4,
82443310_26182_11,f2daf0ee-fdb4-4c04-bcc4-6669a30d7d35,61a41e3044a3d24b858f5ce61403f4e699ab7ce8df09962eda85323770741abf,26182,82443310,현희맘,,,1,6900,6900,1박스,수령완료,2025-03-31 08:00:00+00,,2025-03-31 15:14:46.79+00,26182_comment_11,https://band.us/band/82443310/post/26182#comment,,2025-03-31 15:14:46.79+00,,,1키로 1박스,
82443310_26182_12,f2daf0ee-fdb4-4c04-bcc4-6669a30d7d35,61a41e3044a3d24b858f5ce61403f4e699ab7ce8df09962eda85323770741abf,26182,82443310,가빈과일큰언니,,,10,6900,69000,@현희맘  감사합니다 10,주문완료,2025-03-31 08:03:00+00,,,26182_comment_12,https://band.us/band/82443310/post/26182#comment,,,,,1키로 1박스 x 10,
82443310_26182_13,f2daf0ee-fdb4-4c04-bcc4-6669a30d7d35,61a41e3044a3d24b858f5ce61403f4e699ab7ce8df09962eda85323770741abf,26182,82443310,김춘애,,,1,6900,6900,1박스요,수령완료,2025-03-31 08:27:00+00,,2025-03-31 13:56:03.752+00,26182_comment_13,https://band.us/band/82443310/post/26182#comment,,2025-03-31 13:56:03.752+00,,,1키로 1박스,
82443310_26182_2,f2daf0ee-fdb4-4c04-bcc4-6669a30d7d35,61a41e3044a3d24b858f5ce61403f4e699ab7ce8df09962eda85323770741abf,26182,82443310,가빈과일첫째,,,4,6900,27600,@아카시아 @윤가네 감사합니다3,주문완료,2025-03-31 02:20:00+00,,,26182_comment_2,https://band.us/band/82443310/post/26182#comment,,,,,1키로 1박스 x 4,
82443310_26182_3,f2daf0ee-fdb4-4c04-bcc4-6669a30d7d35,61a41e3044a3d24b858f5ce61403f4e699ab7ce8df09962eda85323770741abf,26182,82443310,쮸,,,3,6900,20700,3박스요,주문완료,2025-03-31 02:35:00+00,,,26182_comment_3,https://band.us/band/82443310/post/26182#comment,,,,,1키로 1박스 x 3,
82443310_26182_4,f2daf0ee-fdb4-4c04-bcc4-6669a30d7d35,61a41e3044a3d24b858f5ce61403f4e699ab7ce8df09962eda85323770741abf,26182,82443310,가빈과일첫째,,,4,6900,27600,@쮸 감사합니다6,주문완료,2025-03-31 02:44:00+00,,,26182_comment_4,https://band.us/band/82443310/post/26182#comment,,,,,1키로 1박스 x 4,
82443310_26182_5,f2daf0ee-fdb4-4c04-bcc4-6669a30d7d35,61a41e3044a3d24b858f5ce61403f4e699ab7ce8df09962eda85323770741abf,26182,82443310,채원.준우맘,,,1,6900,6900,1박,주문완료,2025-03-31 03:51:00+00,,,26182_comment_5,https://band.us/band/82443310/post/26182#comment,,,,,1키로 1박스,
82443310_26182_6,f2daf0ee-fdb4-4c04-bcc4-6669a30d7d35,61a41e3044a3d24b858f5ce61403f4e699ab7ce8df09962eda85323770741abf,26182,82443310,가빈과일첫째,,,4,6900,27600,@채원.준우맘 감사합니다7,주문완료,2025-03-31 04:10:00+00,,,26182_comment_6,https://band.us/band/82443310/post/26182#comment,,,,,1키로 1박스 x 4,
82443310_26182_7,f2daf0ee-fdb4-4c04-bcc4-6669a30d7d35,61a41e3044a3d24b858f5ce61403f4e699ab7ce8df09962eda85323770741abf,26182,82443310,율남매,,,1,6900,6900,1박스요,주문완료,2025-03-31 05:08:00+00,,,26182_comment_7,https://band.us/band/82443310/post/26182#comment,,,,,1키로 1박스,
82443310_26182_8,f2daf0ee-fdb4-4c04-bcc4-6669a30d7d35,61a41e3044a3d24b858f5ce61403f4e699ab7ce8df09962eda85323770741abf,26182,82443310,가빈과일첫째,,,4,6900,27600,@율남매 감사합니다8,주문완료,2025-03-31 05:20:00+00,,,26182_comment_8,https://band.us/band/82443310/post/26182#comment,,,,,1키로 1박스 x 4,
82443310_26182_9,f2daf0ee-fdb4-4c04-bcc4-6669a30d7d35,61a41e3044a3d24b858f5ce61403f4e699ab7ce8df09962eda85323770741abf,26182,82443310,백마,,,1,6900,6900,1박스요,수령완료,2025-03-31 06:38:00+00,,2025-03-31 15:14:52.388+00,26182_comment_9,https://band.us/band/82443310/post/26182#comment,,2025-03-31 15:14:52.388+00,,,1키로 1박스,
82443310_26183_0,f2daf0ee-fdb4-4c04-bcc4-6669a30d7d35,6aa8f297715de1771986f0a6d341660ba29925641178ce0bb7284a9eb9f55d23,26183,82443310,윤가네,,,1,8900,8900,1세트,주문완료,2025-03-31 02:15:00+00,,,26183_comment_0,https://band.us/band/82443310/post/26183#comment,,,,,기본가,
82443310_26183_1,f2daf0ee-fdb4-4c04-bcc4-6669a30d7d35,6aa8f297715de1771986f0a6d341660ba29925641178ce0bb7284a9eb9f55d23,26183,82443310,가빈과일첫째,,,4,8900,35600,@윤가네 감사합니다1,주문완료,2025-03-31 02:21:00+00,,,26183_comment_1,https://band.us/band/82443310/post/26183#comment,,,,,기본가,
82443310_26183_10,f2daf0ee-fdb4-4c04-bcc4-6669a30d7d35,6aa8f297715de1771986f0a6d341660ba29925641178ce0bb7284a9eb9f55d23,26183,82443310,광은,,,1,8900,8900,1세트요,주문완료,2025-03-31 04:34:00+00,,,26183_comment_10,https://band.us/band/82443310/post/26183#comment,,,,,기본가,
82443310_26183_11,f2daf0ee-fdb4-4c04-bcc4-6669a30d7d35,6aa8f297715de1771986f0a6d341660ba29925641178ce0bb7284a9eb9f55d23,26183,82443310,접시꽃,,,1,8900,8900,1세트요,주문완료,2025-03-31 04:35:00+00,,,26183_comment_11,https://band.us/band/82443310/post/26183#comment,,,,,기본가,
82443310_26183_12,f2daf0ee-fdb4-4c04-bcc4-6669a30d7d35,6aa8f297715de1771986f0a6d341660ba29925641178ce0bb7284a9eb9f55d23,26183,82443310,가빈과일첫째,,,4,8900,35600,@유정 @광은 @접시꽃 감사합니다9,주문완료,2025-03-31 04:43:00+00,,,26183_comment_12,https://band.us/band/82443310/post/26183#comment,,,,,기본가,
82443310_26183_2,f2daf0ee-fdb4-4c04-bcc4-6669a30d7d35,6aa8f297715de1771986f0a6d341660ba29925641178ce0bb7284a9eb9f55d23,26183,82443310,정현,,,1,8900,8900,1세트,주문완료,2025-03-31 02:36:00+00,,,26183_comment_2,https://band.us/band/82443310/post/26183#comment,,,,,기본가,
82443310_26183_3,f2daf0ee-fdb4-4c04-bcc4-6669a30d7d35,6aa8f297715de1771986f0a6d341660ba29925641178ce0bb7284a9eb9f55d23,26183,82443310,태인,,,1,8900,8900,1세트요,주문완료,2025-03-31 02:43:00+00,,,26183_comment_3,https://band.us/band/82443310/post/26183#comment,,,,,기본가,
82443310_26183_4,f2daf0ee-fdb4-4c04-bcc4-6669a30d7d35,6aa8f297715de1771986f0a6d341660ba29925641178ce0bb7284a9eb9f55d23,26183,82443310,가빈과일첫째,,,4,8900,35600,@정현 @태인 감사합니다3,주문완료,2025-03-31 02:55:00+00,,,26183_comment_4,https://band.us/band/82443310/post/26183#comment,,,,,기본가,
82443310_26183_5,f2daf0ee-fdb4-4c04-bcc4-6669a30d7d35,6aa8f297715de1771986f0a6d341660ba29925641178ce0bb7284a9eb9f55d23,26183,82443310,나다구,,,1,8900,8900,1세트요,주문완료,2025-03-31 02:56:00+00,,,26183_comment_5,https://band.us/band/82443310/post/26183#comment,,,,,기본가,
82443310_26183_6,f2daf0ee-fdb4-4c04-bcc4-6669a30d7d35,6aa8f297715de1771986f0a6d341660ba29925641178ce0bb7284a9eb9f55d23,26183,82443310,가빈과일첫째,,,4,8900,35600,@나다구 감사합니다4,주문완료,2025-03-31 03:02:00+00,,,26183_comment_6,https://band.us/band/82443310/post/26183#comment,,,,,기본가,
82443310_26183_7,f2daf0ee-fdb4-4c04-bcc4-6669a30d7d35,6aa8f297715de1771986f0a6d341660ba29925641178ce0bb7284a9eb9f55d23,26183,82443310,아이모,,,1,8900,8900,1세트요~ 내일 가지러갈게요~,주문완료,2025-03-31 03:08:00+00,,,26183_comment_7,https://band.us/band/82443310/post/26183#comment,,,,,기본가,
82443310_26183_8,f2daf0ee-fdb4-4c04-bcc4-6669a30d7d35,6aa8f297715de1771986f0a6d341660ba29925641178ce0bb7284a9eb9f55d23,26183,82443310,가빈과일첫째,,,2,8900,17800,@아이모 감사합니다5,주문완료,2025-03-31 03:11:00+00,,,26183_comment_8,https://band.us/band/82443310/post/26183#comment,,,,,기본가,
82443310_26183_9,f2daf0ee-fdb4-4c04-bcc4-6669a30d7d35,6aa8f297715de1771986f0a6d341660ba29925641178ce0bb7284a9eb9f55d23,26183,82443310,유정,,,2,8900,17800,2세트요,주문완료,2025-03-31 04:24:00+00,,,26183_comment_9,https://band.us/band/82443310/post/26183#comment,,,,,기본가,
82443310_26184_0,f2daf0ee-fdb4-4c04-bcc4-6669a30d7d35,09abb9b0e8ec5626f94096d4cc834d8968b542e35fed2df8f870db7d4ea64c75,26184,82443310,경서,,,1,9900,9900,1판 주문할게요~,주문완료,2025-03-31 02:37:00+00,,,26184_comment_0,https://band.us/band/82443310/post/26184#comment,,,,,30구,
82443310_26184_1,f2daf0ee-fdb4-4c04-bcc4-6669a30d7d35,09abb9b0e8ec5626f94096d4cc834d8968b542e35fed2df8f870db7d4ea64c75,26184,82443310,단풍조아,,,2,9900,19800,1판이요,주문완료,2025-03-31 02:41:00+00,,,26184_comment_1,https://band.us/band/82443310/post/26184#comment,,,,,30구 x 2,
82443310_26184_2,f2daf0ee-fdb4-4c04-bcc4-6669a30d7d35,09abb9b0e8ec5626f94096d4cc834d8968b542e35fed2df8f870db7d4ea64c75,26184,82443310,가빈과일첫째,,,4,9900,39600,@경서 @단풍조아 감사합니다2,주문완료,2025-03-31 02:42:00+00,,,26184_comment_2,https://band.us/band/82443310/post/26184#comment,,,,,30구 x 4,
82443310_26184_3,f2daf0ee-fdb4-4c04-bcc4-6669a30d7d35,09abb9b0e8ec5626f94096d4cc834d8968b542e35fed2df8f870db7d4ea64c75,26184,82443310,효준맘,,,2,9900,19800,2판이요,주문완료,2025-03-31 03:27:00+00,,,26184_comment_3,https://band.us/band/82443310/post/26184#comment,,,,,30구 x 2,
82443310_26184_4,f2daf0ee-fdb4-4c04-bcc4-6669a30d7d35,09abb9b0e8ec5626f94096d4cc834d8968b542e35fed2df8f870db7d4ea64c75,26184,82443310,가빈과일첫째,,,4,9900,39600,@효준맘 감사합니다4,주문완료,2025-03-31 04:10:00+00,,,26184_comment_4,https://band.us/band/82443310/post/26184#comment,,,,,30구 x 4,
82443310_26184_5,f2daf0ee-fdb4-4c04-bcc4-6669a30d7d35,09abb9b0e8ec5626f94096d4cc834d8968b542e35fed2df8f870db7d4ea64c75,26184,82443310,김수희,,,1,9900,9900,1판요,주문완료,2025-03-31 04:20:00+00,,,26184_comment_5,https://band.us/band/82443310/post/26184#comment,,,,,30구,
82443310_26184_6,f2daf0ee-fdb4-4c04-bcc4-6669a30d7d35,09abb9b0e8ec5626f94096d4cc834d8968b542e35fed2df8f870db7d4ea64c75,26184,82443310,가빈과일첫째,,,4,9900,39600,@김수희 감사합니다5,주문완료,2025-03-31 04:42:00+00,,,26184_comment_6,https://band.us/band/82443310/post/26184#comment,,,,,30구 x 4,
82443310_26185_0,f2daf0ee-fdb4-4c04-bcc4-6669a30d7d35,e1dfba14ed13ddd41858bf0351605b0e4b36d163312252886fda368a29e16881,26185,82443310,썬75,,,2,7500,15000,1병이요,주문완료,2025-03-31 03:43:00+00,,,26185_comment_0,https://band.us/band/82443310/post/26185#comment,,,,,500ml x 2,
82443310_26185_1,f2daf0ee-fdb4-4c04-bcc4-6669a30d7d35,e1dfba14ed13ddd41858bf0351605b0e4b36d163312252886fda368a29e16881,26185,82443310,가빈과일첫째,,,4,7500,30000,@썬75 감사합니다1,주문완료,2025-03-31 04:14:00+00,,,26185_comment_1,https://band.us/band/82443310/post/26185#comment,,,,,500ml x 4,
82443310_26205_0,f2daf0ee-fdb4-4c04-bcc4-6669a30d7d35,bebdf8838254059dba1cae02d2d2076e423c56e218395ac7d6d775bb2e927bd4,26205,82443310,미녀용,,,3,7900,23700,3팩,주문완료,2025-04-01 01:04:00+00,,,26205_comment_0,https://band.us/band/82443310/post/26205#comment,,,,,350g 1팩 x 3,
82443310_26205_1,f2daf0ee-fdb4-4c04-bcc4-6669a30d7d35,bebdf8838254059dba1cae02d2d2076e423c56e218395ac7d6d775bb2e927bd4,26205,82443310,꼬마돼지,,,2,7900,15800,2팩이요,주문완료,2025-04-01 01:05:00+00,,,26205_comment_1,https://band.us/band/82443310/post/26205#comment,,,,,350g 1팩 x 2,
82443310_26205_2,f2daf0ee-fdb4-4c04-bcc4-6669a30d7d35,bebdf8838254059dba1cae02d2d2076e423c56e218395ac7d6d775bb2e927bd4,26205,82443310,가빈과일마켓(010 8624 0169),,,4,7900,31600,@미녀용 @꼬마돼지 감사합니다5,주문완료,2025-04-01 01:06:00+00,,,26205_comment_2,https://band.us/band/82443310/post/26205#comment,,,,,350g 1팩 x 4,
82443310_26206_0,f2daf0ee-fdb4-4c04-bcc4-6669a30d7d35,433651721c1c1075695d4e26524ba72d898e87da82a24f3e327d993ca219d1b5,26206,82443310,태은맘,,,1,4900,4900,1팩,주문완료,2025-04-01 01:14:00+00,,,26206_comment_0,https://band.us/band/82443310/post/26206#comment,,,,,1팩,
82443310_26206_1,f2daf0ee-fdb4-4c04-bcc4-6669a30d7d35,433651721c1c1075695d4e26524ba72d898e87da82a24f3e327d993ca219d1b5,26206,82443310,가빈과일첫째,,,4,4900,19600,@태은맘 감사합니다1,주문완료,2025-04-01 01:16:00+00,,,26206_comment_1,https://band.us/band/82443310/post/26206#comment,,,,,1팩 x 4,
82443310_26206_10,f2daf0ee-fdb4-4c04-bcc4-6669a30d7d35,433651721c1c1075695d4e26524ba72d898e87da82a24f3e327d993ca219d1b5,26206,82443310,가빈과일첫째,,,4,4900,19600,@연우연서맘 @지선 감사합니다7,주문완료,2025-04-01 04:45:00+00,,,26206_comment_10,https://band.us/band/82443310/post/26206#comment,,,,,1팩 x 4,
82443310_26206_11,f2daf0ee-fdb4-4c04-bcc4-6669a30d7d35,433651721c1c1075695d4e26524ba72d898e87da82a24f3e327d993ca219d1b5,26206,82443310,정우맘,,,1,4900,4900,1팩요,주문완료,2025-04-01 05:14:00+00,,,26206_comment_11,https://band.us/band/82443310/post/26206#comment,,,,,1팩,
82443310_26206_2,f2daf0ee-fdb4-4c04-bcc4-6669a30d7d35,433651721c1c1075695d4e26524ba72d898e87da82a24f3e327d993ca219d1b5,26206,82443310,신지연맘,,,1,4900,4900,1팩이요,주문완료,2025-04-01 01:30:00+00,,,26206_comment_2,https://band.us/band/82443310/post/26206#comment,,,,,1팩,
82443310_26206_3,f2daf0ee-fdb4-4c04-bcc4-6669a30d7d35,433651721c1c1075695d4e26524ba72d898e87da82a24f3e327d993ca219d1b5,26206,82443310,가빈과일첫째,,,4,4900,19600,@신지연맘 감사합니다2,주문완료,2025-04-01 01:33:00+00,,,26206_comment_3,https://band.us/band/82443310/post/26206#comment,,,,,1팩 x 4,
82443310_26206_4,f2daf0ee-fdb4-4c04-bcc4-6669a30d7d35,433651721c1c1075695d4e26524ba72d898e87da82a24f3e327d993ca219d1b5,26206,82443310,히히,,,1,4900,4900,1팩이요,주문완료,2025-04-01 02:00:00+00,,,26206_comment_4,https://band.us/band/82443310/post/26206#comment,,,,,1팩,
82443310_26206_5,f2daf0ee-fdb4-4c04-bcc4-6669a30d7d35,433651721c1c1075695d4e26524ba72d898e87da82a24f3e327d993ca219d1b5,26206,82443310,가빈과일첫째,,,4,4900,19600,@히히 감사합니다3,주문완료,2025-04-01 02:15:00+00,,,26206_comment_5,https://band.us/band/82443310/post/26206#comment,,,,,1팩 x 4,
82443310_26206_6,f2daf0ee-fdb4-4c04-bcc4-6669a30d7d35,433651721c1c1075695d4e26524ba72d898e87da82a24f3e327d993ca219d1b5,26206,82443310,호박씨,,,1,4900,4900,1팩이요,주문완료,2025-04-01 04:21:00+00,,,26206_comment_6,https://band.us/band/82443310/post/26206#comment,,,,,1팩,
82443310_26206_7,f2daf0ee-fdb4-4c04-bcc4-6669a30d7d35,433651721c1c1075695d4e26524ba72d898e87da82a24f3e327d993ca219d1b5,26206,82443310,가빈과일마켓 김실장,,,4,4900,19600,@호박씨 감사합니다 4,주문완료,2025-04-01 04:23:00+00,,,26206_comment_7,https://band.us/band/82443310/post/26206#comment,,,,,1팩 x 4,
82443310_26206_8,f2daf0ee-fdb4-4c04-bcc4-6669a30d7d35,433651721c1c1075695d4e26524ba72d898e87da82a24f3e327d993ca219d1b5,26206,82443310,연우연서맘,,,2,4900,9800,2팩요,주문완료,2025-04-01 04:35:00+00,,,26206_comment_8,https://band.us/band/82443310/post/26206#comment,,,,,1팩 x 2,
82443310_26206_9,f2daf0ee-fdb4-4c04-bcc4-6669a30d7d35,433651721c1c1075695d4e26524ba72d898e87da82a24f3e327d993ca219d1b5,26206,82443310,지선,,,1,4900,4900,1팩요,주문완료,2025-04-01 04:37:00+00,,,26206_comment_9,https://band.us/band/82443310/post/26206#comment,,,,,1팩,
82443310_26208_0,f2daf0ee-fdb4-4c04-bcc4-6669a30d7d35,9d85bacfa34d916ae2b57a08165f4808db87a92545e5cb03c0dbae5be32046a8,26208,82443310,히히,,,1,1300,1300,2모,주문완료,2025-04-01 02:00:00+00,,,26208_comment_0,https://band.us/band/82443310/post/26208#comment,,,,,1모,
82443310_26208_1,f2daf0ee-fdb4-4c04-bcc4-6669a30d7d35,9d85bacfa34d916ae2b57a08165f4808db87a92545e5cb03c0dbae5be32046a8,26208,82443310,전미자,,,1,1300,1300,2모,주문완료,2025-04-01 02:06:00+00,,,26208_comment_1,https://band.us/band/82443310/post/26208#comment,,,,,1모,
82443310_26208_2,f2daf0ee-fdb4-4c04-bcc4-6669a30d7d35,9d85bacfa34d916ae2b57a08165f4808db87a92545e5cb03c0dbae5be32046a8,26208,82443310,가빈과일첫째,,,4,1300,5200,@히히 @전미자 감사합니다4,주문완료,2025-04-01 02:14:00+00,,,26208_comment_2,https://band.us/band/82443310/post/26208#comment,,,,,1모 x 4,
82443310_26208_3,f2daf0ee-fdb4-4c04-bcc4-6669a30d7d35,9d85bacfa34d916ae2b57a08165f4808db87a92545e5cb03c0dbae5be32046a8,26208,82443310,나다구,,,1,1300,1300,2모요,주문완료,2025-04-01 02:53:00+00,,,26208_comment_3,https://band.us/band/82443310/post/26208#comment,,,,,1모,
82443310_26208_4,f2daf0ee-fdb4-4c04-bcc4-6669a30d7d35,9d85bacfa34d916ae2b57a08165f4808db87a92545e5cb03c0dbae5be32046a8,26208,82443310,장정숙,,,1,1300,1300,1모요,주문완료,2025-04-01 03:00:00+00,,,26208_comment_4,https://band.us/band/82443310/post/26208#comment,,,,,1모,
82443310_26208_5,f2daf0ee-fdb4-4c04-bcc4-6669a30d7d35,9d85bacfa34d916ae2b57a08165f4808db87a92545e5cb03c0dbae5be32046a8,26208,82443310,가빈과일첫째,,,4,1300,5200,@나다구 @장정숙 감사합니다7,주문완료,2025-04-01 03:07:00+00,,,26208_comment_5,https://band.us/band/82443310/post/26208#comment,,,,,1모 x 4,
82443310_26208_6,f2daf0ee-fdb4-4c04-bcc4-6669a30d7d35,9d85bacfa34d916ae2b57a08165f4808db87a92545e5cb03c0dbae5be32046a8,26208,82443310,경~,,,1,1300,1300,2모요,주문완료,2025-04-01 04:42:00+00,,,26208_comment_6,https://band.us/band/82443310/post/26208#comment,,,,,1모,
82443310_26208_7,f2daf0ee-fdb4-4c04-bcc4-6669a30d7d35,9d85bacfa34d916ae2b57a08165f4808db87a92545e5cb03c0dbae5be32046a8,26208,82443310,가빈과일첫째,,,4,1300,5200,@경~ 감사합니다9,주문완료,2025-04-01 04:43:00+00,,,26208_comment_7,https://band.us/band/82443310/post/26208#comment,,,,,1모 x 4,
82443310_26209_0,f2daf0ee-fdb4-4c04-bcc4-6669a30d7d35,41e8877991b66b836d65ae904cb3019909ba91958759a8571546b225d9f3e11f,26209,82443310,김춘애,,,1,5900,5900,1봉지요,주문완료,2025-04-01 02:38:00+00,,,26209_comment_0,https://band.us/band/82443310/post/26209#comment,,,,,1봉지 (900g 내외),
82443310_26209_1,f2daf0ee-fdb4-4c04-bcc4-6669a30d7d35,41e8877991b66b836d65ae904cb3019909ba91958759a8571546b225d9f3e11f,26209,82443310,가빈과일첫째,,,4,5900,23600,@김춘애 감사합니다1,주문완료,2025-04-01 02:47:00+00,,,26209_comment_1,https://band.us/band/82443310/post/26209#comment,,,,,1봉지 (900g 내외) x 4,
82443310_26209_2,f2daf0ee-fdb4-4c04-bcc4-6669a30d7d35,41e8877991b66b836d65ae904cb3019909ba91958759a8571546b225d9f3e11f,26209,82443310,서윤*서진 맘,,,2,5900,11800,2팩요,주문완료,2025-04-01 03:20:00+00,,,26209_comment_2,https://band.us/band/82443310/post/26209#comment,,,,,1봉지 (900g 내외) x 2,
82443310_26209_3,f2daf0ee-fdb4-4c04-bcc4-6669a30d7d35,41e8877991b66b836d65ae904cb3019909ba91958759a8571546b225d9f3e11f,26209,82443310,가빈과일마켓(010 8624 0169),,,4,5900,23600,@서윤*서진 맘 감사합니다3,주문완료,2025-04-01 03:44:00+00,,,26209_comment_3,https://band.us/band/82443310/post/26209#comment,,,,,1봉지 (900g 내외) x 4,
82443310_26209_4,f2daf0ee-fdb4-4c04-bcc4-6669a30d7d35,41e8877991b66b836d65ae904cb3019909ba91958759a8571546b225d9f3e11f,26209,82443310,호박씨,,,1,5900,5900,1팩요,주문완료,2025-04-01 04:21:00+00,,,26209_comment_4,https://band.us/band/82443310/post/26209#comment,,,,,1봉지 (900g 내외),
82443310_26209_5,f2daf0ee-fdb4-4c04-bcc4-6669a30d7d35,41e8877991b66b836d65ae904cb3019909ba91958759a8571546b225d9f3e11f,26209,82443310,가빈과일마켓 김실장,,,4,5900,23600,@호박씨 감사합니다 4,주문완료,2025-04-01 04:22:00+00,,,26209_comment_5,https://band.us/band/82443310/post/26209#comment,,,,,1봉지 (900g 내외) x 4,
82443310_26210_0,f2daf0ee-fdb4-4c04-bcc4-6669a30d7d35,f4e4857d2add900e15e2680c27d72596f8eba47f823f466ad5001b872cc6abf5,26210,82443310,홍미애,,,1,8900,8900,1봉지요,주문완료,2025-04-01 01:46:00+00,,,26210_comment_0,https://band.us/band/82443310/post/26210#comment,,,,,6알 1봉지,
82443310_26210_1,f2daf0ee-fdb4-4c04-bcc4-6669a30d7d35,f4e4857d2add900e15e2680c27d72596f8eba47f823f466ad5001b872cc6abf5,26210,82443310,해주맘스,,,1,8900,8900,1,주문완료,2025-04-01 01:55:00+00,,,26210_comment_1,https://band.us/band/82443310/post/26210#comment,,,,,6알 1봉지,
82443310_26210_2,f2daf0ee-fdb4-4c04-bcc4-6669a30d7d35,f4e4857d2add900e15e2680c27d72596f8eba47f823f466ad5001b872cc6abf5,26210,82443310,가빈과일첫째,,,4,8900,35600,@홍미애 @해주맘스 감사합니다2,주문완료,2025-04-01 02:13:00+00,,,26210_comment_2,https://band.us/band/82443310/post/26210#comment,,,,,6알 1봉지 x 4,
82443310_26210_3,f2daf0ee-fdb4-4c04-bcc4-6669a30d7d35,f4e4857d2add900e15e2680c27d72596f8eba47f823f466ad5001b872cc6abf5,26210,82443310,서윤*서진 맘,,,1,8900,8900,2봉요,주문완료,2025-04-01 03:20:00+00,,,26210_comment_3,https://band.us/band/82443310/post/26210#comment,,,,,6알 1봉지,